Reference;Value;Footprint;Qty;Obudowa;Operating Voltage;Wartość;Tolerance;Uwagi;Link;Symbol;Cena 1 Sztuka
C1,C3,C4,C5,C6,C7,C8,C9,C10,C15,C18,C22,C23,C34,C35,C36,C37,C38;100nF;Capacitor_SMD:C_0805_2012Metric;18;0805;25V;100nF;5%;;;;
C2;10nF;Capacitor_SMD:C_0805_2012Metric;1;0805;25V;10nF;5%;;;;
C11;47nF;Capacitor_SMD:C_0805_2012Metric;1;0805;25V;47nF;5%;;;;
C12;C 100nF;Capacitor_SMD:C_0805_2012Metric;1;0805;25V;C 100nF;5%;;;;
C13;100p;Capacitor_SMD:C_0805_2012Metric;1;0805;25V;100p;5%;;;;
C14;1uF;Capacitor_Tantalum_SMD:CP_EIA-3216-18_Kemet-A;1;3216;25V;1uF;5%;;;;
C16,C17;4,7uF;Capacitor_Tantalum_SMD:CP_EIA-3528-21_Kemet-B;2;3528;25V;4,7uF;5%;;;;
C19;4,7uF;Capacitor_Tantalum_SMD:CP_EIA-3216-18_Kemet-A;1;3216;25V;4,7uF;5%;;;;
C20,C21;10uF;Capacitor_Tantalum_SMD:CP_EIA-6032-28_Kemet-C;2;6032;25V;10uF;5%;;;;
C28,C29;22uF;Capacitor_Tantalum_SMD:CP_EIA-6032-28_Kemet-C;2;6032;25V;22uF;5%;;;;
C30,C31;22p;Capacitor_SMD:C_0805_2012Metric;2;0805;25V;22p;5%;;;;
C32;2.2uF;Capacitor_SMD:C_0805_2012Metric;1;0805;25V;2.2uF;5%;;;;
C33;4.7uF;Capacitor_SMD:C_0805_2012Metric;1;0805;25V;4.7uF;5%;;;;
J1;Conn_01x06;Connector_Hirose:Hirose_DF63-6P-3.96DSA_1x06_P3.96mm_Vertical;1;Connector_Hirose:Hirose_DF63-6P-3.96DSA_1x06_P3.96mm_Vertical;25V;Conn_01x06;5%;;;;
J2;Screw_Terminal_01x02;Connector_TE-Connectivity:TE_826576-2_1x02_P3.96mm_Vertical;1;8265;25V;Screw_Terminal_01x02;5%;;;;
J11;Conn_01x02;Connector_PinHeader_2.00mm:PinHeader_1x02_P2.00mm_Vertical;1;Connector_PinHeader_2.00mm:PinHeader_1x02_P2.00mm_Vertical;25V;Conn_01x02;5%;;;;
J12;Conn_02x03_Odd_Even;Connector_Harwin:Harwin_LTek-Male_2x03_P2.00mm_Vertical;1;Connector_Harwin:Harwin_LTek-Male_2x03_P2.00mm_Vertical;25V;Conn_02x03_Odd_Even;5%;;;;
L1,L2;100uH;Inductor_SMD:L_12x12mm_H6mm;2;Inductor_SMD:L_12x12mm_H6mm;25V;100uH;5%;;;;
PWM-HI1;TESTPOINT;Connector_PinSocket_2.54mm:PinSocket_1x01_P2.54mm_Vertical;1;Connector_PinSocket_2.54mm:PinSocket_1x01_P2.54mm_Vertical;25V;TESTPOINT;5%;;;;
PWM-LO1;TESTPOINT;Connector_PinSocket_2.54mm:PinSocket_1x01_P2.54mm_Vertical;1;Connector_PinSocket_2.54mm:PinSocket_1x01_P2.54mm_Vertical;25V;TESTPOINT;5%;;;;
PWM-POM1;TESTPOIN;Connector_PinSocket_2.54mm:PinSocket_1x01_P2.54mm_Vertical;1;Connector_PinSocket_2.54mm:PinSocket_1x01_P2.54mm_Vertical;25V;TESTPOIN;5%;;;;
Q3,Q4;BCP53;Package_TO_SOT_SMD:SOT-223-3_TabPin2;2;Package_TO_SOT_SMD:SOT-223-3_TabPin2;25V;BCP53;5%;;;;
R1,R2,R3,R10,R11,R12,R14,R15,R16,R17,R20,R35;1k;Resistor_SMD:R_0805_2012Metric;12;0805;25V;1k;5%;;;;
R4,R8;100R;Resistor_SMD:R_0805_2012Metric;2;0805;25V;100R;5%;;;;
R5,R18,R21,R36,R43;4k7;Resistor_SMD:R_0805_2012Metric;5;0805;25V;4k7;5%;;;;
R6;30k;Resistor_SMD:R_0805_2012Metric;1;0805;25V;30k;5%;;;;
R7,R39;15k;Resistor_SMD:R_0805_2012Metric;2;0805;25V;15k;5%;;;;
R9,R24;47k;Resistor_SMD:R_0805_2012Metric;2;0805;25V;47k;5%;;;;
R13;8k2;Resistor_SMD:R_0805_2012Metric;1;0805;25V;8k2;5%;;;;
R19;33k;Resistor_SMD:R_0805_2012Metric;1;0805;25V;33k;5%;;;;
R22,R56,R57,R58,R59,R60,R61,R62,R63,R64,R65;10k;Resistor_SMD:R_0805_2012Metric;11;0805;25V;10k;5%;;;;
R23;100R;Resistor_SMD:R_0805_2012Metric;1;0805;25V;100R;5%;;;;
R25;18k;Resistor_SMD:R_0805_2012Metric;1;0805;25V;18k;5%;;;;
R26;27k;Resistor_SMD:R_0805_2012Metric;1;0805;25V;27k;5%;;;;
R27,R28;2k2;Resistor_SMD:R_0805_2012Metric;2;0805;25V;2k2;5%;;;;
R29,R30,R31;12k;Resistor_SMD:R_0805_2012Metric;3;0805;25V;12k;5%;;;;
R32;100k;Resistor_SMD:R_0805_2012Metric;1;0805;25V;100k;5%;;;;
R33;2k7;Resistor_SMD:R_0805_2012Metric;1;0805;25V;2k7;5%;;;;
R34;82R;Resistor_SMD:R_0805_2012Metric;1;0805;25V;82R;5%;;;;
R37,R38,R41,R42,R45,R46,R47,R48;15R;Resistor_SMD:R_0805_2012Metric;8;0805;25V;15R;5%;;;;
R40;270k;Resistor_SMD:R_0805_2012Metric;1;0805;25V;270k;5%;;;;
R44;330R;Resistor_SMD:R_0805_2012Metric;1;0805;25V;330R;5%;;;;
R49,R50;18R;Resistor_SMD:R_0805_2012Metric;2;0805;25V;18R;5%;;;;
R51;47R;Resistor_SMD:R_2512_6332Metric;1;2512;25V;47R;5%;;;;
R52;7k5 1%;Resistor_SMD:R_0805_2012Metric;1;0805;25V;7k5;1%;;;;
R53,R55;2k43 1%;Resistor_SMD:R_0805_2012Metric;2;0805;25V;2k43;1%;;;;
R54;27k2 1%;Resistor_SMD:R_0805_2012Metric;1;0805;25V;27k2;1%;;;;
RV1,RV2,RV3;500k;Potentiometer_THT:Potentiometer_ACP_CA9-V10_Vertical;3;Potentiometer_THT:Potentiometer_ACP_CA9-V10_Vertical;25V;500k;5%;;;;
RVe1;20k;Potentiometer_THT:Potentiometer_Bourns_3296Y_Vertical;1;3296;25V;20k;5%;;;;
Y1;16MHz;Crystal:Crystal_HC18-U_Vertical;1;Crystal:Crystal_HC18-U_Vertical;25V;16MHz;5%;;;;
D1,D2,D11;ES1D;Diode_SMD:D_MELF;3;Diode_SMD:D_MELF;25V;ES1D;5%;;;;
D8,D12,D13;B340;Diode_SMD:D_SMA;3;Diode_SMD:D_SMA;25V;B340;5%;;;;
U17;ATmega644P-20A;Package_DFN_QFN:QFN-44-1EP_7x7mm_P0.5mm_EP5.15x5.15mm;1;Package_DFN_QFN:QFN-44-1EP_7x7mm_P0.5mm_EP5.15x5.15mm;25V;ATmega644P-20A;5%;;;;
U15,U16;LM2576S-ADJ;Package_TO_SOT_SMD:TO-263-5_TabPin3;2;Package_TO_SOT_SMD:TO-263-5_TabPin3;25V;LM2576S-ADJ;5%;;;;
U2;LM2903;Package_SO:SOIC-8_3.9x4.9mm_P1.27mm;1;Package_SO:SOIC-8_3.9x4.9mm_P1.27mm;25V;LM2903;5%;;;;
D6,D9,D10;LL4448;Diode_SMD:D_MiniMELF;3;Diode_SMD:D_MiniMELF;25V;LL4448;5%;;;;
D7;1N4148;Diode_THT:D_DO-35_SOD27_P2.54mm_Vertical_AnodeUp;1;Diode_THT:D_DO-35_SOD27_P2.54mm_Vertical_AnodeUp;25V;1N4148;5%;;;;
Q1,Q2;MMBT2222A;Package_TO_SOT_SMD:SOT-23;2;Package_TO_SOT_SMD:SOT-23;25V;MMBT2222A;5%;;;;
U1,U6,U7,U8,U9,U10,U11,U12,U13;IRF1405;Library:TO-220AB-3_Vertical;9;Library:TO-220AB-3_Vertical;25V;IRF1405;5%;;;;
U14;IR2110S;Package_SO:SOIC-16W_7.5x10.3mm_P1.27mm;1;Package_SO:SOIC-16W_7.5x10.3mm_P1.27mm;25V;IR2110S;5%;;;;
U3,U4,U5;BCP56;Package_TO_SOT_SMD:SOT-223-3_TabPin2;3;Package_TO_SOT_SMD:SOT-223-3_TabPin2;25V;BCP56;5%;;;;
D3,D4,D5;1N4148W;Diode_SMD:D_SOD-123;3;Diode_SMD:D_SOD-123;25V;1N4148W;5%;;;;
